{
	"metadata": {
		"version": 4.4,
		"type": "Object",
		"generator": "Object3D.toJSON"
	},
	"object": {
		"uuid": "A281AF6A-4438-46AE-A13B-9BDEF295238F",
		"type": "PerspectiveCamera",
		"matrix": [0.7860076427459717,0.05694205313920975,-0.6155888438224792,0,-0.2995043098926544,0.9061657190322876,-0.2985982298851013,0,0.5408226847648621,0.4190720021724701,0.7293075323104858,0,0.9898374080657959,0.7670039534568787,1.3348106145858765,1],
		"children": [
			{
				"uuid": "54E42916-76F3-42EE-A803-11306951A31A",
				"type": "DirectionalLight",
				"matrix": [1,0,0,0,0,1,0,0,0,0,1,0,0,1,0,1],
				"color": 16777215,
				"intensity": 0.5
			}],
		"fov": 40,
		"zoom": 1,
		"near": 1,
		"far": 1000,
		"focus": 10,
		"aspect": 1.4506302521008403,
		"filmGauge": 35,
		"filmOffset": 0
	}
}